{"cameraMode":{"drawMode":0,"name":"Shaded","section":"Shading Mode"},"sceneLighting":false,"audioPlay":false,"sceneViewState":{"m_AlwaysRefresh":false,"showFog":true,"showSkybox":true,"showFlares":true,"showImageEffects":true,"showParticleSystems":true,"showVisualEffectGraphs":true,"m_FxEnabled":true},"in2DMode":false,"pivot":{"x":25.639554977416993,"y":3.1046438217163088,"z":8.59434700012207},"rotation":{"x":-0.017954299226403238,"y":-0.8252731561660767,"z":0.026252493262290956,"w":-0.5638673305511475},"size":11.41678524017334,"orthographic":false}